step,time,train_loss,val_loss,tokens_per_sec
0,0.6368987560272217,10.937019348144531,,12862.322081585777
10,8.445494413375854,10.831184387207031,,30164.040930702944
20,11.206759214401245,10.670845031738281,,30088.33776255252
30,13.967079877853394,10.365913391113281,,30013.197144357066
40,16.72785472869873,9.8572998046875,,30014.45558901197
50,19.49104404449463,9.397335052490234,,29929.199281554378
60,22.254777669906616,8.988475799560547,,29939.083058933214
70,25.023200511932373,8.766777038574219,,29911.742596874392
80,27.79244303703308,8.548402786254883,,29904.427271026165
90,30.5652973651886,8.469079971313477,,29878.34513751448
100,33.34660053253174,8.507774353027344,,29814.07568980283
110,41.235891580581665,8.39224624633789,,29823.3917231646
120,44.02684044837952,8.253498077392578,,29739.910873066914
130,46.81517958641052,8.295455932617188,,29640.8549743703
140,49.60717487335205,8.293340682983398,,29618.064025846183
150,52.40365672111511,8.22677993774414,,29653.722293710445
160,55.20228290557861,8.222864151000977,,29613.622342424336
170,58.002464056015015,8.23727798461914,,29578.340473739125
180,60.806735038757324,8.216936111450195,,29566.199938216843
190,63.627540588378906,8.142951965332031,,29561.92639919057
200,66.4343330860138,7.978128433227539,,29505.671785544688
210,74.4686496257782,8.082157135009766,,29467.08286350874
220,77.3028929233551,8.006723403930664,,29372.670187538577
230,80.12384009361267,8.043659210205078,,29341.191613274
240,82.9459080696106,7.925450325012207,,29427.158123362053
250,85.76957178115845,8.147184371948242,,29277.66305890854
260,88.60098481178284,7.829896926879883,,29368.7536373598
270,91.42771434783936,7.827097415924072,,29246.313002621635
280,94.26900362968445,7.742039203643799,,29342.444449188763
290,97.09729266166687,7.774133682250977,,29343.622212505466
300,99.9222903251648,7.883599758148193,,29323.913396504828
310,107.68578958511353,7.699790954589844,,33524.312500487846
320,110.1678557395935,7.790931701660156,,33486.347453712275
330,112.64323902130127,7.770071983337402,,33710.04467694131
340,115.11990165710449,7.726928234100342,,33556.52928308019
350,117.59747743606567,7.809657573699951,,33518.03351048471
360,120.07373905181885,7.841287612915039,,33713.15379143409
370,122.55148220062256,7.625114440917969,,33455.07956157544
380,125.04138112068176,7.669545650482178,,33539.725616404525
390,127.51511263847351,7.729364395141602,,33786.44988632877
400,129.99342918395996,7.605350971221924,,33489.74185411383
410,137.99691009521484,7.720783233642578,,29328.51893095198
420,140.82913899421692,7.581172466278076,,29369.582051253557
430,143.6556634902954,7.513308525085449,,29292.98869875393
440,146.48436784744263,7.696399211883545,,29358.816314603133
450,149.31169247627258,7.698853015899658,,29268.70972902386
460,152.14444398880005,7.737409591674805,,29012.134669342737
470,154.98068618774414,7.475042343139648,,29282.977791300094
480,157.80252599716187,7.449324131011963,,29416.249406490973
490,160.62987160682678,7.551709175109863,,29350.28963387029
500,163.46291279792786,7.626819133758545,,29407.865523893644
510,171.5470917224884,7.440160274505615,,29304.131067903203
520,174.38132405281067,7.447608470916748,,29364.511886479148
530,177.20013642311096,7.52254056930542,,29415.84646797407
540,180.01808047294617,7.489528656005859,,29457.053644652296
550,182.83421874046326,7.62454891204834,,29462.45897475693
560,185.65833568572998,7.528368949890137,,29409.72819589288
570,188.4726221561432,7.596717834472656,,29464.682302962014
580,191.28969502449036,7.637821197509766,,29445.718998632256
590,194.10416889190674,7.534450531005859,,29461.549528105726
600,196.92050290107727,7.54449987411499,,29473.98349410044
610,204.6483612060547,7.398352146148682,,33707.82895599113
620,207.11563897132874,7.643033981323242,,33764.07259920483
630,209.57930946350098,7.5863471031188965,,33798.081843917775
640,212.0484094619751,7.551512241363525,,33746.36444779684
650,214.5133183002472,7.694307327270508,,33715.469462049696
660,216.98574209213257,7.570939064025879,,33895.672712887856
670,219.44592332839966,7.70844841003418,,33753.12716656254
680,221.90572929382324,7.609440803527832,,33793.428099901845
690,224.36778497695923,7.743801116943359,,33908.41733329386
700,226.82657408714294,7.632405757904053,,33786.88178729639
710,234.8092143535614,7.529083251953125,,29521.31321698846
720,237.6248743534088,7.522128105163574,,29357.536996673756
730,240.43440222740173,7.458846092224121,,29559.281494079925
740,243.24554228782654,7.491721153259277,,29509.498221343532
750,246.06091713905334,7.5909295082092285,,29514.618581638264
760,248.86676955223083,7.825689315795898,,29518.75165314
770,251.67302179336548,7.532118320465088,,29606.248006776055
780,254.4778847694397,7.469779014587402,,29504.151622955367
790,257.2816586494446,7.761107444763184,,29504.303632165433
800,260.08813762664795,7.657354354858398,,29596.072864087873
810,267.78965616226196,7.680848121643066,,33803.03616539216
820,270.2678997516632,7.60788106918335,,33894.00090161096
830,272.7234070301056,7.546640872955322,,34029.95408298182
840,275.17939352989197,7.530588150024414,,33349.74144824005
850,277.6416141986847,7.6468119621276855,,33850.024696125736
860,280.1022427082062,7.831065654754639,,33071.79055656513
870,282.55942034721375,7.6609110832214355,,33854.02691395928
880,285.0106372833252,7.796689510345459,,33859.36467680616
890,287.4619266986847,7.6421709060668945,,34033.493301214556
900,289.91495537757874,7.7284345626831055,,33756.34372393467
910,297.851628780365,7.760350227355957,,29622.55811876357
920,300.66024947166443,7.688544750213623,,29638.34932114207
930,303.46698474884033,7.833956241607666,,29607.549093240363
940,306.2722613811493,7.776812553405762,,29587.33140044037
950,309.0711603164673,7.629593849182129,,29606.324538108525
960,311.86855268478394,7.814695835113525,,29654.592455973037
970,314.66418743133545,7.792421817779541,,29686.85004916166
980,317.46080136299133,7.887959003448486,,29665.883601099613
990,320.25864458084106,7.761732578277588,,29580.632258975413
1000,323.05561900138855,7.755273818969727,,29536.920458599427
1010,331.0570743083954,7.8590407371521,,29608.237950018916
1020,333.86008524894714,7.92876672744751,,29620.949281065812
1030,336.65553402900696,7.84658145904541,,29638.19592756356
1040,339.4652862548828,7.99029016494751,,29703.428859919084
1050,342.2581708431244,7.949967384338379,,29671.23773698959
1060,345.0524437427521,7.747452259063721,,29640.599276059944
1070,347.84536242485046,8.00291919708252,,29655.48826458835
1080,350.6386926174164,7.726880073547363,,29664.244443523545
1090,353.432049036026,8.018838882446289,,29742.948649741218
1100,356.2263708114624,8.074752807617188,,29606.27351717625
1110,363.89728236198425,8.11296272277832,,33945.836780139754
1120,366.3571503162384,8.01131534576416,,33996.41864197323
1130,368.8057096004486,7.952883720397949,,34088.05655723881
1140,371.2509424686432,7.844915390014648,,33975.84529204518
1150,373.6948323249817,8.048309326171875,,34012.70672132235
1160,376.13829588890076,7.9545464515686035,,34231.81407878757
1170,378.58414006233215,8.047245979309082,,33940.97462310019
1180,381.028591632843,7.97770881652832,,34052.550311638704
1190,383.47089290618896,7.985021114349365,,34122.78971621063
1200,385.9141573905945,8.054670333862305,,33956.84045598968
1210,393.85872864723206,7.928868293762207,,29677.95235080367
1220,396.6611440181732,8.080771446228027,,29651.77740976462
1230,399.46006631851196,7.928606986999512,,29644.818862392982
1240,402.2646288871765,8.022079467773438,,29220.29717846798
1250,405.0582151412964,7.957940578460693,,29690.159199569334
1260,407.849440574646,7.925131797790527,,29690.00526923838
1270,410.63824439048767,8.053890228271484,,29699.808685444994
1280,413.4309124946594,8.273656845092773,,29655.565050702255
1290,416.22190499305725,8.181686401367188,,29769.56858749426
1300,419.01192140579224,8.19570255279541,,29735.30390473553
1310,426.69171929359436,8.30173397064209,,33981.52400581528
1320,429.1459712982178,8.21369743347168,,34013.24543673597
1330,431.59247756004333,8.17651653289795,,34225.09683704307
1340,434.0378210544586,8.275214195251465,,33983.23807338497
1350,436.479798078537,8.322586059570312,,34089.88285531731
1360,438.9220390319824,8.08317756652832,,34194.06810801666
1370,441.3670303821564,8.203670501708984,,33939.834732687195
1380,443.80891132354736,8.489326477050781,,34012.63938309551
1390,446.24950432777405,8.244455337524414,,34186.82142523118
1400,448.6914858818054,8.13640022277832,,33959.49179767263
1410,456.590078830719,8.288579940795898,,29771.090429076074
1420,459.3918206691742,8.418805122375488,,29692.288732917732
1430,462.18661165237427,8.191656112670898,,29780.276369309442
1440,464.97633504867554,8.405223846435547,,29629.404016729186
1450,467.76429438591003,8.209676742553711,,29795.3318857571
1460,470.5532500743866,8.425819396972656,,29652.289196594622
1470,473.34127712249756,8.397080421447754,,29765.23606021702
1480,476.1298191547394,8.390899658203125,,29682.438995903514
1490,478.9179735183716,8.297784805297852,,29734.351804367936
1500,481.70740818977356,8.32499885559082,,29670.545945656548
1510,489.6856598854065,8.360010147094727,,29634.00378448774
1520,492.4863758087158,8.404206275939941,,29737.388445430697
1530,495.27416253089905,8.208184242248535,,29727.74024886357
1540,498.061728477478,8.099820137023926,,29664.8591063868
1550,500.84850549697876,8.114745140075684,,29730.415387943343
1560,503.6380844116211,8.020246505737305,,29700.373477260804
1570,506.4272072315216,7.870408058166504,,29701.19503097644
1580,509.21616888046265,8.08926773071289,,29712.1106032227
1590,512.0078599452972,8.02015495300293,,29349.286820566525
1600,514.797768831253,8.02058219909668,,29642.517120927034
1610,522.4820384979248,7.972739219665527,,33866.206145836724
1620,524.9423139095306,8.045877456665039,,33933.0975327211
1630,527.3845038414001,7.998741626739502,,34129.87366884036
1640,529.8274991512299,7.928572177886963,,33943.42229356937
1650,532.2697789669037,7.843871593475342,,34015.703542372445
1660,534.7142333984375,7.771780014038086,,34068.621993069224
1670,537.1593787670135,7.888477802276611,,33994.80414549808
1680,539.6045346260071,7.702914237976074,,33954.558619987685
1690,542.0468127727509,7.732831954956055,,34202.917989020345
1700,544.4977312088013,7.6495513916015625,,33994.70324455992
1710,552.4529225826263,7.683348655700684,,29650.19098285609
1720,555.2556579113007,7.8209333419799805,,29700.16809593331
1730,558.0485188961029,7.624309539794922,,29679.92630753337
1740,560.8468270301819,7.560317039489746,,29659.558476647235
1750,563.6365284919739,7.623424053192139,,29765.80334322069
1760,566.4305596351624,7.648616313934326,,29710.851692779153
1770,569.2213463783264,7.580934524536133,,29629.531768774064
1780,572.011025428772,7.600360870361328,,29709.33600338945
1790,574.8015370368958,7.64069128036499,,29741.84159146032
1800,577.5898666381836,7.540783405303955,,29763.353866969963
1810,585.2555222511292,7.5515522956848145,,34032.17864850811
1820,587.706873178482,7.457756042480469,,34043.74433310016
1830,590.1456696987152,7.4566802978515625,,34198.45843800636
1840,592.5864262580872,7.357759952545166,,33974.0311918786
1850,595.0266923904419,7.475559234619141,,34048.50102017458
1860,597.4697008132935,7.4615936279296875,,34258.914382970914
1870,599.9149241447449,7.32276725769043,,33965.06432059469
1880,602.3573036193848,7.454662322998047,,34014.1208856806
1890,604.7982399463654,7.307345867156982,,34235.25896639818
1900,607.2412984371185,7.204949855804443,,33993.55974245428
1910,615.1508989334106,7.207243919372559,,29674.08210697951
1920,617.9615557193756,7.38981294631958,,29759.2551191332
1930,620.7564351558685,7.267868995666504,,29756.291319427906
1940,623.5467970371246,7.208079814910889,,29674.645920741492
1950,626.3366899490356,7.24983024597168,,29767.144279917247
1960,629.1285328865051,7.25005578994751,,29476.233848856802
1970,631.9199965000153,7.196161270141602,,29688.799536865026
1980,634.7081770896912,7.255603790283203,,29713.960624378433
1990,637.4973850250244,7.224685192108154,,29746.65660790301
2000,640.2989897727966,7.140978813171387,,29696.933714660077
2010,648.2784781455994,7.035988807678223,,29683.131341945194
2020,651.0792384147644,7.036783695220947,,29694.290259576395
2030,653.8670637607574,7.060369491577148,,29774.598995662895
2040,656.655867099762,6.989595413208008,,29747.91855449642
2050,659.4554352760315,7.063470363616943,,29681.36207736563
2060,662.2428641319275,7.125516891479492,,29772.844609003147
2070,665.0334341526031,7.09533166885376,,29713.960624378433
2080,667.8207471370697,7.020683765411377,,29729.695110829616
2090,670.6073758602142,6.932760715484619,,29723.16276237206
2100,673.3957333564758,7.0213422775268555,,29751.112530370436
2110,681.0593116283417,7.081369400024414,,33977.39078944636
2120,683.5138001441956,6.963490962982178,,33934.43805584608
2130,685.9536471366882,7.045626163482666,,34240.20580951897
2140,688.3940234184265,6.930564880371094,,34021.05872835918
2150,690.8348124027252,7.020236015319824,,34052.24658137023
2160,693.2735903263092,6.992491722106934,,34205.26738050962
2170,695.7144930362701,7.034360885620117,,33968.18707557979
2180,698.1546628475189,7.142000675201416,,34016.14132448141
2190,700.5950999259949,7.069812774658203,,34168.5652454517
2200,703.0341746807098,7.018674850463867,,34009.87874534662
2210,710.9684362411499,7.195844650268555,,29770.239210372183
2220,713.7713665962219,7.008646011352539,,29728.35754592097
2230,716.5624344348907,6.898231506347656,,29684.00323105406
2240,719.3522751331329,6.96347188949585,,29694.469896958715
2250,722.1405365467072,6.838826656341553,,29672.13455154666
2260,724.9304897785187,6.979981899261475,,29736.024453652644
2270,727.7183177471161,6.899268627166748,,29672.621416438033
2280,730.5086646080017,6.949767589569092,,29707.306763132572
2290,733.2973303794861,6.881606101989746,,29724.679862933233
2300,736.0848042964935,6.974577903747559,,29732.447786533936
2310,743.7604620456696,6.731797218322754,,33980.58302263346
2320,746.2168397903442,6.825051307678223,,33938.996626817345
2330,748.6586992740631,7.024089336395264,,34140.69169011621
2340,751.1000280380249,6.782920837402344,,33858.43044680461
2350,753.5395188331604,6.764370441436768,,33972.31805292445
2360,755.9894762039185,6.865496635437012,,33777.94700872178
2370,758.4343078136444,6.869645595550537,,33958.31710154266
2380,760.8757870197296,6.949599266052246,,34017.55577446466
2390,763.3291969299316,7.007396697998047,,34058.15341947059
2400,765.7737212181091,6.7966628074646,,33881.90190542775
2410,773.6811287403107,6.850883483886719,,29743.84980453398
2420,776.4792275428772,6.812154293060303,,29766.370647847987
2430,779.2665729522705,6.980062961578369,,29742.768425335216
2440,782.0563888549805,6.768070697784424,,29674.030852245345
2450,784.843005657196,6.794466018676758,,29769.310663663142
2460,787.6319563388824,6.804680824279785,,29730.158142110547
2470,790.4214096069336,6.851382732391357,,29702.376094073225
2480,793.2114787101746,6.7181291580200195,,29687.696505793723
2490,796.0041799545288,6.861858367919922,,29831.807032928107
2500,798.7942221164703,6.953003883361816,,29725.631343996345
2510,806.7697095870972,6.757650375366211,,29686.054936899374
2520,809.570671081543,6.6226019859313965,,29733.528415379515
2530,812.3585240840912,6.8248467445373535,,29779.68272435903
2540,815.1498296260834,6.675614833831787,,29765.15870511911
2550,817.9489123821259,6.619024753570557,,29493.03386402887
2560,820.7358524799347,6.915694236755371,,29791.74093820421
2570,823.5248076915741,6.889303684234619,,29684.00323105406
2580,826.3116006851196,7.005293369293213,,29732.782258497184
2590,829.1017298698425,6.685534477233887,,29646.276816883666
2600,831.8905875682831,6.734508514404297,,29765.67441336659
2610,839.5505218505859,6.844846248626709,,33975.87888831976
2620,842.0050837993622,6.790677547454834,,33878.3607402419
2630,844.4454843997955,6.889118671417236,,34228.540372751246
2640,846.8882238864899,6.950654983520508,,33960.263785095914
2650,849.3286125659943,6.609153747558594,,34014.65964589242
2660,851.7682194709778,6.702709674835205,,34183.96442293726
2670,854.2078220844269,6.723936080932617,,33992.75261081366
2680,856.6477327346802,6.6496357917785645,,34017.05060025305
2690,859.0857608318329,6.6806230545043945,,34166.084998230035
2700,861.525787115097,6.68888521194458,,33989.59171423201
2710,869.4698657989502,6.808613300323486,,29642.056815525102
2720,872.2783699035645,6.61585807800293,,29676.029918088007
2730,875.0711374282837,6.531824588775635,,29734.995108746447
2740,877.8577351570129,6.681516647338867,,29753.534227216205
2750,880.6614730358124,6.674534797668457,,29715.965073961837
2760,883.4575459957123,6.677289962768555,,29812.032116722457
2770,886.2471709251404,6.636967658996582,,29726.480013634835
2780,889.0405843257904,6.747526168823242,,29675.594201296375
2790,891.828527212143,6.727144241333008,,29708.128700466983
2800,894.6185476779938,6.721829414367676,,29701.169356734852
2810,902.2921285629272,6.6245880126953125,,33960.095958757345
2820,904.7475833892822,6.59051513671875,,33991.071209660025
2830,907.1880970001221,6.763405799865723,,34103.75557862683
2840,909.6285085678101,6.787073612213135,,33983.40612853263
2850,912.0696883201599,6.66964864730835,,34019.44189076666
2860,914.5082380771637,6.635067939758301,,34153.82495733225
2870,916.9500448703766,6.722106456756592,,33970.20206096689
2880,919.3904485702515,6.558117866516113,,34056.83686095863
2890,921.8286380767822,6.612640857696533,,34195.46336200891
2900,924.2812805175781,6.689352989196777,,33967.71694671793
2910,932.1885681152344,6.750524044036865,,29688.260837032154
2920,934.99147605896,6.769618511199951,,29698.165776838538
2930,937.7781534194946,6.67771577835083,,29727.40589032788
2940,940.5707004070282,6.5388712882995605,,29691.672932844114
2950,943.3702504634857,6.669086933135986,,29762.271069137172
2960,946.1562702655792,6.360624313354492,,29792.28339995318
2970,948.9454021453857,6.5279130935668945,,29627.41122746023
2980,951.7314748764038,6.5400309562683105,,29752.68401214016
2990,954.5177357196808,6.665319919586182,,29797.269806966684
3000,957.3042244911194,6.736926555633545,,29674.748434636465
3010,965.272346496582,6.777612686157227,,29786.808026201496
3020,968.07688164711,6.770467758178711,,29683.131341945194
3030,970.865193605423,6.5590386390686035,,29691.595959630875
3040,973.6547298431396,6.607322692871094,,29722.622814795337
3050,976.4437770843506,6.607716083526611,,29711.288445541282
3060,979.2319977283478,6.6838603019714355,,29742.33074658493
3070,982.018928527832,6.676972389221191,,29744.802513264498
3080,984.8044135570526,6.628391742706299,,29722.699948962378
3090,987.5928113460541,6.747369766235352,,29687.876063406045
3100,990.3820631504059,6.628896236419678,,29734.892178175323
3110,998.0410294532776,6.612447261810303,,34010.98967982309
3120,1000.4924755096436,6.602899074554443,,34044.52015587674
3130,1002.933970451355,6.686514377593994,,34197.981913548916
3140,1005.3779950141907,6.557300090789795,,34028.10050052191
3150,1007.8191154003143,6.7128586769104,,34047.65753899755
3160,1010.2572703361511,6.728992462158203,,34209.28592848652
3170,1012.6975264549255,6.513852119445801,,34005.53669775617
3180,1015.137941122055,6.67857027053833,,33925.42507617481
3190,1017.577201128006,6.576510906219482,,34182.36607046038
3200,1020.0169675350189,6.460579872131348,,33996.78865234754
3210,1027.9438467025757,6.649984359741211,,29722.237149965225
3220,1030.744867324829,6.695606708526611,,29675.517311426025
3230,1033.5343613624573,6.62602424621582,,29718.406756058976
3240,1036.323524236679,6.740823745727539,,29670.417839690443
3250,1039.1136136054993,6.479395389556885,,29715.065608008947
3260,1041.9032475948334,6.656249523162842,,29696.420385589692
3270,1044.6918547153473,6.614891529083252,,29750.957967360282
3280,1047.4825112819672,6.682526111602783,,29702.324741550634
3290,1050.2763042449951,6.647835731506348,,29709.15618609694
3300,1053.0670256614685,6.630566596984863,,29790.88853822384
3310,1060.7274806499481,6.591545104980469,,33995.34229395114
3320,1063.1849014759064,6.638535976409912,,33998.33605572762
3330,1065.624469280243,6.5874457359313965,,34133.77279211619
3340,1068.0653924942017,6.527868270874023,,33987.238236923324
3350,1070.5076999664307,6.5374627113342285,,34043.40702987837
3360,1072.951489686966,6.59693717956543,,34073.38563512243
3370,1075.395602941513,6.564023971557617,,33947.91619661882
3380,1077.8391845226288,6.6615424156188965,,33986.96928884
3390,1080.279756784439,6.708169937133789,,34132.61991508502
3400,1082.7214992046356,6.64737606048584,,33986.73396275872
3410,1090.6332392692566,6.506509780883789,,29746.708113831373
3420,1093.4400746822357,6.659457206726074,,29711.673826289152
3430,1096.2281284332275,6.626433372497559,,29732.267689362932
3440,1099.0167496204376,6.4713826179504395,,29746.991399625647
3450,1101.8048326969147,6.585529327392578,,29675.107238846704
3460,1104.595317363739,6.543144226074219,,29719.76913203082
3470,1107.3850102424622,6.611710548400879,,29702.01663014397
3480,1110.1748814582825,6.538886547088623,,29683.285201007304
3490,1112.964238166809,6.494728088378906,,29696.908047785073
3500,1115.7534277439117,6.469659805297852,,29693.443426905265
3510,1123.7232375144958,6.644498825073242,,29739.83364954507
3520,1126.5253727436066,6.568141460418701,,29741.89308071575
3530,1129.3149211406708,6.476925849914551,,29686.926997770006
3540,1132.1116302013397,6.491672992706299,,29690.723624438866
3550,1134.90105342865,6.574580669403076,,29798.76863889879
3560,1137.689792394638,6.50543212890625,,29707.255393559288
3570,1140.4780428409576,6.630755424499512,,29726.917225997237
3580,1143.270088672638,6.470478057861328,,29501.64369710957
3590,1146.0573768615723,6.504415035247803,,29780.25055816727
3600,1148.8463869094849,6.56139612197876,,29720.900256037643
3610,1156.5082139968872,6.542536735534668,,34019.20611479094
3620,1158.961965084076,6.5314226150512695,,34054.57531857029
3630,1161.4030034542084,6.567843914031982,,34164.352436416135
3640,1163.8453335762024,6.557816028594971,,33922.2766878337
3650,1166.2897555828094,6.524780750274658,,34071.18946442578
3660,1168.7293076515198,6.56815242767334,,34209.830889044206
3670,1171.1700682640076,6.60003137588501,,33940.37114216738
3680,1173.6092493534088,6.648731708526611,,34028.80820817549
3690,1176.0487434864044,6.521200180053711,,34203.08822393438
3700,1178.492752313614,6.547922611236572,,34071.02053994451
3710,1186.4154253005981,6.582545757293701,,29714.603046721295
3720,1189.2187054157257,6.581840991973877,,29683.00312727851
3730,1192.0061314105988,6.68806266784668,,29749.077579362503
3740,1194.794998407364,6.634608268737793,,29719.871957928244
3750,1197.5844895839691,6.508979797363281,,29770.93565841837
3760,1200.3786709308624,6.63644552230835,,29718.406756058976
3770,1203.1693804264069,6.608182907104492,,29633.5181860285
3780,1205.9582872390747,6.6416916847229,,29714.089106624753
3790,1208.7538120746613,6.577493667602539,,29696.215058930495
3800,1211.5423958301544,6.597398281097412,,29708.257132284027
3810,1219.2142140865326,6.507216453552246,,33956.13573861087
3820,1221.6722316741943,6.557257652282715,,33984.347268076825
3830,1224.1149389743805,6.552405834197998,,34127.39903536722
3840,1226.5570940971375,6.686702251434326,,33957.243164768006
3850,1229.0026392936707,6.691869735717773,,34012.60571408208
3860,1231.449628829956,6.601644515991211,,34115.8780715446
3870,1233.8932809829712,6.46024227142334,,33950.16359439719
3880,1236.3345139026642,6.630491256713867,,33994.2660140826
3890,1238.7787594795227,6.574585914611816,,34145.27191510125
3900,1241.2268598079681,6.502552509307861,,33973.39294344712
3910,1249.1238448619843,6.6148457527160645,,29724.962729319108
3920,1251.9224934577942,6.522188663482666,,29742.948649741218
3930,1254.710406780243,6.407334327697754,,29695.676089958877
3940,1257.4968531131744,6.611570835113525,,29747.532232943304
3950,1260.281451702118,6.567160606384277,,29826.65371043446
3960,1263.0705749988556,6.445814609527588,,29706.99854835767
3970,1265.8557395935059,6.743243217468262,,29792.95504663205
3980,1268.6448214054108,6.545817852020264,,29766.293286852746
3990,1271.431162595749,6.7182698249816895,,29747.557987401346
4000,1274.2150995731354,6.492234230041504,,29734.01729709148
4010,1282.155758857727,6.550933361053467,,29808.566443418815
4020,1284.955968618393,6.648481845855713,,29787.272838238965
4030,1287.7452385425568,6.572716236114502,,29717.764169236863
4040,1290.530982017517,6.583558559417725,,29720.23185417254
4050,1293.3176474571228,6.531993389129639,,29719.460658607637
4060,1296.1114792823792,6.392291069030762,,29116.69508418992
4070,1298.9012579917908,6.464799404144287,,29649.730439097213
4080,1301.6877620220184,6.466341018676758,,29740.837586611327
4090,1304.4723541736603,6.662526607513428,,29794.04007831834
4100,1307.2574045658112,6.530414581298828,,29748.43366550939
4110,1314.905663728714,6.675522804260254,,34000.388264433204
4120,1317.3600318431854,6.4190144538879395,,33937.38757957223
4130,1319.8018081188202,6.521832466125488,,34220.90415982359
4140,1322.2418868541718,6.544897079467773,,34015.703542372445
4150,1324.6818499565125,6.640100955963135,,34056.43178650935
4160,1327.1206567287445,6.516634464263916,,34189.814987512065
4170,1329.5615286827087,6.601303577423096,,33920.635738366844
4180,1332.0005059242249,6.690611362457275,,34029.65075567
4190,1334.439086675644,6.5901055335998535,,34164.522287648375
4200,1336.878561258316,6.531274318695068,,33996.956841543884
4210,1344.8060998916626,6.651556015014648,,29662.579859507423
4220,1347.6022691726685,6.533602237701416,,29676.234965711425
4230,1350.3913662433624,6.530355453491211,,29709.644266669435
4240,1353.1830215454102,6.3287553787231445,,29679.259747327033
4250,1355.9716203212738,6.593179702758789,,29720.23185417254
4260,1358.7572662830353,6.681109428405762,,29725.55419461389
4270,1361.556599855423,6.653066635131836,,29721.645816663797
4280,1364.3438892364502,6.517800331115723,,29750.365490698612
4290,1367.1386876106262,6.534823894500732,,29661.350748143344
4300,1369.9246807098389,6.604862689971924,,29751.498944922074
4310,1377.580792427063,6.564186096191406,,33984.64978828668
4320,1380.0316851139069,6.481050968170166,,34127.9074924041
4330,1382.4708387851715,6.498630523681641,,34256.31854232073
4340,1384.9113051891327,6.521638870239258,,34091.337269675845
4350,1387.3524520397186,6.454775810241699,,34077.880220694635
4360,1389.7935931682587,6.465373992919922,,34183.48830231327
4370,1392.2357969284058,6.627248764038086,,33953.41781698415
4380,1394.6775467395782,6.443382740020752,,33934.00237421312
4390,1397.1172749996185,6.5322346687316895,,34183.96442293726
4400,1399.5578229427338,6.603728294372559,,34032.34718805095
4410,1407.4559593200684,6.620835304260254,,29748.098841321775
4420,1410.2493886947632,6.397351264953613,,29792.050913927542
4430,1413.0373463630676,6.510891914367676,,29578.595099006405
4440,1415.8248751163483,6.62783145904541,,29752.68401214016
4450,1418.6151621341705,6.475978851318359,,29825.07440527342
4460,1421.4037375450134,6.538723945617676,,29732.164777673363
4470,1424.1919958591461,6.522902488708496,,29805.670379391944
4480,1426.9792132377625,6.532370567321777,,29693.289462517987
4490,1429.76562333107,6.461726665496826,,29764.514094938782
4500,1432.551281929016,6.446225166320801,,29821.47628541002
4510,1440.5084948539734,6.556461811065674,,29733.19392662872
4520,1443.3168776035309,6.512979030609131,,29682.438995903514
4530,1446.1062734127045,6.481165409088135,,29805.747945200725
4540,1448.8986024856567,6.3904829025268555,,29723.754156037056
4550,1451.685424566269,6.457472801208496,,29805.127430034187
4560,1454.4733085632324,6.562504291534424,,29766.061206279683
4570,1457.2606749534607,6.501885414123535,,29752.967411766538
4580,1460.0486590862274,6.499231815338135,,29686.542258717247
4590,1462.835844039917,6.295984745025635,,29739.75642642427
4600,1465.6269838809967,6.419801235198975,,29683.156985011447
4610,1473.2735846042633,6.6132493019104,,34024.22548053643
4620,1475.7248373031616,6.562472343444824,,34078.65760011426
4630,1478.166496038437,6.466846942901611,,34181.209908647135
4640,1480.6088514328003,6.546241760253906,,33941.98047234636
4650,1483.0504281520844,6.421396255493164,,33934.739688145666
4660,1485.4919040203094,6.570245742797852,,34171.14780327373
4670,1487.9454843997955,6.581490516662598,,33974.13197013892
4680,1490.3879373073578,6.507654666900635,,33927.334489925895
4690,1492.829606294632,6.380202293395996,,34126.28048321433
4700,1495.2709505558014,6.338846683502197,,34006.68100579781
4710,1503.204407453537,6.443226337432861,,29702.632859349702
4720,1506.0152366161346,6.588738441467285,,29647.30002847405
4730,1508.8054761886597,6.502144813537598,,29697.6780733355
4740,1511.597459077835,6.362819671630859,,29691.852538560383
4750,1514.388194322586,6.434140205383301,,29716.58188208758
4760,1517.1788051128387,6.539620399475098,,29694.23893500922
4770,1519.9689371585846,6.326747894287109,,29678.003619085623
4780,1522.757163286209,6.318078517913818,,29717.224417781
4790,1525.5458414554596,6.398915767669678,,29720.797423024625
4800,1528.3380463123322,6.622762680053711,,29701.22070526241
4810,1536.0125286579132,6.5024566650390625,,33873.918627050836
4820,1538.4673640727997,6.458468437194824,,34014.15455769383
4830,1540.9131743907928,6.497401237487793,,34160.140666088046
4840,1543.356737613678,6.471582889556885,,33950.16359439719
4850,1545.7977352142334,6.523673057556152,,34022.77678670448
4860,1548.237718820572,6.599681854248047,,34140.488153080914
4870,1550.6789557933807,6.512327194213867,,34011.831345170256
4880,1553.1248948574066,6.447914123535156,,33943.019912533826
4890,1555.5690732002258,6.5266008377075195,,34128.00918562958
4900,1558.0234723091125,6.5171799659729,,33976.013274082514
4910,1565.9314823150635,6.459287166595459,,29760.002605319252
4920,1568.7343320846558,6.380122661590576,,29717.84127818827
4930,1571.523469209671,6.610919952392578,,29710.080983933432
4940,1574.3136041164398,6.528994560241699,,29697.83208323754
4950,1577.100933790207,6.435554504394531,,29727.71452870918
4960,1579.8911445140839,6.410242080688477,,29684.234033803656
4970,1582.6781876087189,6.460414886474609,,29718.535276758128
4980,1585.4675574302673,6.533351898193359,,29744.39052362126
4990,1588.2547216415405,6.659111976623535,,29758.636538271665
5000,1591.044493675232,6.599530220031738,,29725.09130672877
5010,1599.0038018226624,6.570850372314453,,29715.52818369802
5020,1601.8099977970123,6.544641017913818,,29736.230331185892
5030,1604.5980608463287,6.52991247177124,,29771.01304354607
5040,1607.3859107494354,6.416440486907959,,29696.0610657994
5050,1610.1754524707794,6.483006477355957,,29777.54063720609
5060,1612.9667627811432,6.699251174926758,,29718.869435778295
5070,1615.7559750080109,6.437216758728027,,29759.69329613632
5080,1618.544683933258,6.57572078704834,,29699.91137326832
5090,1621.3321573734283,6.576774597167969,,29808.023388545684
5100,1624.1294810771942,6.608464241027832,,29764.823504340882
5110,1631.7849671840668,6.386519432067871,,34059.70641419734
5120,1634.244959115982,6.513327121734619,,33999.58080849561
5130,1636.6865074634552,6.527955055236816,,34171.99741420635
5140,1639.126939535141,6.456557273864746,,33983.742243814435
5150,1641.5671122074127,6.523209571838379,,34011.292674549244
5160,1644.0052063465118,6.481373310089111,,34163.978769649904
5170,1646.449593782425,6.493932723999023,,34058.79485664667
5180,1648.8932704925537,6.443190574645996,,33995.30865917366
5190,1651.3379499912262,6.4101128578186035,,34141.81118719215
5200,1653.7808933258057,6.376827239990234,,33965.66867997493
5210,1661.7222068309784,6.608184814453125,,29766.473796467155
5220,1664.5377867221832,6.509792327880859,,29726.917225997237
5230,1667.3281075954437,6.353242874145508,,29743.128876331353
5240,1670.1172020435333,6.415480136871338,,29797.16644480501
5250,1672.9055116176605,6.437800884246826,,29656.307336971062
5260,1675.6941359043121,6.401529312133789,,29759.97682930843
5270,1678.4839797019958,6.4617838859558105,,29735.84431314956
5280,1681.2733926773071,6.558961391448975,,29757.502540146088
5290,1684.0633647441864,6.416017532348633,,29684.25967877516
5300,1686.851396560669,6.411839485168457,,29782.444664992618
5310,1694.514095544815,6.4859619140625,,34032.21235628313
5320,1696.9679589271545,6.498351097106934,,34061.19201994518
5330,1699.40700507164,6.405974864959717,,34139.77579256848
5340,1701.8476161956787,6.489178657531738,,33917.45475795625
5350,1704.286413192749,6.3826584815979,,34038.01108720375
5360,1706.7252826690674,6.4639692306518555,,34188.69234022187
5370,1709.1656379699707,6.436833381652832,,33964.22496824479
5380,1711.60538315773,6.418483734130859,,33982.2969952735
5390,1714.0463161468506,6.418569087982178,,34192.0264781248
5400,1716.4935808181763,6.456266403198242,,33927.56899415248
5410,1724.4182982444763,6.345716953277588,,29678.84957131184
5420,1727.2197105884552,6.56070613861084,,29779.86339640368
5430,1730.009109735489,6.6035871505737305,,29754.590622729527
5440,1732.7981202602386,6.494237422943115,,29766.628520736303
5450,1735.5878911018372,6.488302230834961,,29790.707732377527
5460,1738.374148607254,6.680813789367676,,29717.404332754435
5470,1741.1626524925232,6.2960662841796875,,29714.988513460925
5480,1743.951071023941,6.493219375610352,,29746.218814713236
5490,1746.7369968891144,6.387406826019287,,29726.017096915686
5500,1749.525351524353,6.504504203796387,,29762.167949642997
5510,1757.5043168067932,6.538588523864746,,29676.721965173634
5520,1760.3041772842407,6.621031761169434,,29692.724940091273
5530,1763.0948865413666,6.54863166809082,,29684.25967877516
5540,1765.8976414203644,6.622833728790283,,29756.574787779275
5550,1768.6850762367249,6.449029922485352,,29767.840583163023
5560,1771.4753150939941,6.508386135101318,,29675.261014735832
5570,1774.2745096683502,6.430294036865234,,29632.930377607132
5580,1777.0731494426727,6.255295753479004,,29684.823879359126
5590,1779.8601756095886,6.3834075927734375,,29743.592326164
5600,1782.6643691062927,6.438144683837891,,29776.45680690999
5610,1790.3325681686401,6.3450703620910645,,33926.89899067694
5620,1792.787244796753,6.364455223083496,,34012.74039053576
5630,1795.235501050949,6.413298606872559,,34120.89212313804
5640,1797.680135011673,6.375502109527588,,33946.47399360189
5650,1800.1234736442566,6.489472389221191,,34003.34926436024
5660,1802.5711784362793,6.4086713790893555,,33997.73053328162
5670,1805.0162906646729,6.548047065734863,,33936.314966167134
5680,1807.467119216919,6.511185646057129,,33885.64431834208
5690,1809.9127731323242,6.465250015258789,,34042.93481659675
5700,1812.3641111850739,6.455419540405273,,33887.616100488
5710,1820.3051640987396,6.378603935241699,,29695.52210241749
5720,1823.1063516139984,6.419963836669922,,29565.462155748184
5730,1825.897564649582,6.520761966705322,,29648.220979296133
5740,1828.688485622406,6.514174938201904,,29794.660131909146
5750,1831.477261543274,6.341264724731445,,29696.702714382267
5760,1834.273719072342,6.5070695877075195,,29668.701326467
5770,1837.064177274704,6.452029705047607,,29736.30753599583
5780,1839.8616461753845,6.489343643188477,,29707.589298961266
5790,1842.6542439460754,6.547115802764893,,29655.129934647743
5800,1845.4422936439514,6.457265853881836,,29769.10432781613
5810,1853.104347229004,6.499966621398926,,33993.89605861716
5820,1855.5599718093872,6.563642978668213,,33941.24284373673
5830,1857.9988882541656,6.562217712402344,,34163.095589785196
5840,1860.4410586357117,6.439004421234131,,33987.91062575425
5850,1862.8817958831787,6.541275978088379,,34040.74256938232
5860,1865.322615146637,6.5510358810424805,,34220.222520782765
5870,1867.7686491012573,6.520256996154785,,33978.4996024604
5880,1870.2127442359924,6.398153305053711,,34018.56616790211
5890,1872.6555740833282,6.389028549194336,,34138.792105493245
5900,1875.097846031189,6.380221843719482,,33977.89478639054
5910,1883.0186278820038,6.6147966384887695,,29671.570833210997
5920,1885.8229677677155,6.469310760498047,,29681.028761274083
5930,1888.6162340641022,6.503134727478027,,29624.98447435514
5940,1891.4034280776978,6.603949546813965,,29755.647093259897
5950,1894.1979343891144,6.422685623168945,,29673.338930663518
5960,1896.9963581562042,6.60652494430542,,29659.865707806664
5970,1899.784818649292,6.535896301269531,,29715.5024846708
5980,1902.581135749817,6.5171990394592285,,29746.450585973176
5990,1905.3770475387573,6.348517894744873,,29758.559217472113
6000,1908.1657228469849,6.541930198669434,,29797.631580179743
6010,1916.1412744522095,6.512167930603027,,29760.75012905662
6020,1918.9420046806335,6.4479522705078125,,29749.103336496435
6030,1921.7304666042328,6.539165019989014,,29694.57254786731
6040,1924.5181963443756,6.349116325378418,,29799.363045039358
6050,1927.306607246399,6.513991355895996,,29642.721705694534
6060,1930.0943427085876,6.527547836303711,,29724.78272281429
6070,1932.8832533359528,6.509171009063721,,29669.239316704272
6080,1935.6718974113464,6.4132304191589355,,29736.53915283105
6090,1938.4603571891785,6.340620517730713,,29726.814351343168
6100,1941.2475016117096,6.538334369659424,,29688.286488961854
6110,1948.9105379581451,6.416287422180176,,34005.704973520675
6120,1951.3637137413025,6.490349769592285,,34054.77783250988
6130,1953.8025438785553,6.446752071380615,,34133.46761120532
6140,1956.2464997768402,6.554988861083984,,33581.91407421308
6150,1958.6866371631622,6.558999061584473,,34077.373253223785
6160,1961.1303579807281,6.408531665802002,,34189.54282382301
6170,1963.5768313407898,6.4673261642456055,,34024.15809669232
6180,1966.020027399063,6.493851184844971,,33982.16255979808
6190,1968.4605185985565,6.448674201965332,,34161.56711715339
6200,1970.9010450839996,6.437347412109375,,33984.14559092905
6210,1978.8366527557373,6.313451766967773,,29692.032146449546
6220,1981.638638973236,6.309764385223389,,29700.681554578012
6230,1984.4291265010834,6.381998538970947,,29660.838648470635
6240,1987.2180564403534,6.329391002655029,,29726.608604171102
6250,1990.0071606636047,6.4963836669921875,,29669.623607390866
6260,1992.7965247631073,6.4865546226501465,,29777.721283259696
6270,1995.5857379436493,6.485618591308594,,29677.10644972387
6280,1998.3752405643463,6.4891252517700195,,29780.611918229235
6290,2001.1648080348969,6.486496448516846,,29687.38869779719
6300,2003.955489873886,6.544241905212402,,29782.031631948146
6310,2011.6177303791046,6.486489295959473,,34041.78806745002
6320,2014.070175409317,6.513699531555176,,34033.998963916354
6330,2016.5101523399353,6.396102428436279,,34158.78225201141
6340,2018.9510061740875,6.325510501861572,,34008.8015448586
6350,2021.3902730941772,6.432024955749512,,34026.2471199771
6360,2023.828505039215,6.445183753967285,,34182.26405303663
6370,2026.268628358841,6.547305107116699,,33974.93821774581
6380,2028.7083945274353,6.604866027832031,,34008.26297020295
6390,2031.1487181186676,6.4235944747924805,,34190.461393640086
6400,2033.5887026786804,6.5804901123046875,,33990.36507077588
6410,2041.499722480774,6.683907508850098,,29698.448138819695
6420,2044.304254770279,6.385502815246582,,29759.95105334226
6430,2047.0917735099792,6.420706748962402,,29722.28857136431
6440,2049.878520011902,6.501463890075684,,29735.175238960644
6450,2052.6661174297333,6.488945960998535,,29694.23893500922
6460,2055.4534878730774,6.713047027587891,,29788.848142474315
6470,2058.2397198677063,6.437770366668701,,29784.94892310466
6480,2061.0268518924713,6.501678466796875,,29708.488312353067
6490,2063.813630580902,6.472387313842773,,29751.061009188612
6500,2066.6006441116333,6.3843607902526855,,29705.508933766414
6510,2074.576146364212,6.53395938873291,,29767.840583163023
6520,2077.397760629654,6.300065994262695,,29689.235641524807
6530,2080.1872391700745,6.311517715454102,,29730.95561868288
6540,2082.9800128936768,6.371014595031738,,29646.660512953255
6550,2085.7689044475555,6.542877197265625,,29719.203602313202
6560,2088.5586018562317,6.590277194976807,,29678.106156180926
6570,2091.346088886261,6.454068660736084,,29757.09019861883
6580,2094.1357333660126,6.309774875640869,,29626.542659614646
6590,2096.9222860336304,6.349066734313965,,29756.291319427906
6600,2099.7111718654633,6.5442728996276855,,29664.935941035743
6610,2107.361613512039,6.530806541442871,,34062.13747289928
6620,2109.8135664463043,6.640923976898193,,34020.31765871896
6630,2112.2533118724823,6.527578830718994,,34207.75331999925
6640,2114.6928532123566,6.522830009460449,,34004.022290815774
6650,2117.1335718631744,6.499804496765137,,34033.79669703252
6660,2119.5737657546997,6.570527076721191,,34145.950571472014
6670,2122.0154337882996,6.406835556030273,,34016.8822121834
6680,2124.4554834365845,6.4322662353515625,,34091.20197008167
6690,2126.8943541049957,6.437723636627197,,34208.50257810221
6700,2129.336082458496,6.487263202667236,,34010.08072803507
6710,2137.274496793747,6.506847858428955,,29748.227618963512
6720,2140.0769441127777,6.508812427520752,,29742.53671145105
6730,2142.8682425022125,6.593932151794434,,29732.24196137375
6740,2145.6560804843903,6.539609909057617,,29723.214186973935
6750,2148.4434049129486,6.2961297035217285,,29717.095908419447
6760,2151.2301263809204,6.532489776611328,,29810.22158984432
6770,2154.017975330353,6.560484409332275,,29666.062894949737
6780,2156.804636478424,6.495212554931641,,29720.02619810849
6790,2159.5925347805023,6.300346374511719,,29761.49769034814
6800,2162.380316734314,6.495258808135986,,29755.75016757222
6810,2170.025951862335,6.4078264236450195,,34000.287330343606
6820,2172.4781341552734,6.460531711578369,,34062.94790292184
6830,2174.9174721240997,6.453137397766113,,34242.935714278596
6840,2177.3566312789917,6.3697967529296875,,33933.63372926166
6850,2179.7963812351227,6.314000129699707,,34038.314563576154
6860,2182.235760450363,6.618599891662598,,34245.802582807
6870,2184.677289247513,6.481905937194824,,34032.68427214469
6880,2187.1168234348297,6.498775005340576,,34069.8043331251
6890,2189.5565152168274,6.376720905303955,,34221.85850010309
6900,2191.9972290992737,6.455212116241455,,33934.30399876745
6910,2199.901768922806,6.520997047424316,,29708.385565211527
6920,2202.713572740555,6.4737372398376465,,29826.86084482883
6930,2205.50119805336,6.3903374671936035,,29688.337792954237
6940,2208.2897839546204,6.493494510650635,,29734.660586995746
6950,2211.08070230484,6.5078229904174805,,29639.985618114
6960,2213.870407819748,6.551977157592773,,29820.05280862601
6970,2216.657824277878,6.575673580169678,,29690.672312200317
6980,2219.443925857544,6.366659164428711,,29750.880686457444
6990,2222.2325410842896,6.508889675140381,,29738.28926332261
7000,2225.018997192383,6.488572120666504,,29746.424833432604
7010,2232.99050116539,6.603048801422119,,29608.186922491623
7020,2235.7922909259796,6.521031856536865,,29720.308975930344
7030,2238.5777971744537,6.448894500732422,,29756.75517954216
7040,2241.366081237793,6.546951770782471,,29733.78571953973
7050,2244.1552991867065,6.442304611206055,,29586.108517092653
7060,2246.9431235790253,6.464939117431641,,29749.747279340652
7070,2249.729410648346,6.435997009277344,,29778.90844042613
7080,2252.514832496643,6.452870845794678,,29778.779397018458
7090,2255.300651073456,6.365434169769287,,29794.685968035505
7100,2258.094986438751,6.472936630249023,,29752.065704421886
7110,2265.755232810974,6.625777721405029,,34046.00443711201
7120,2268.2049124240875,6.546873092651367,,34068.31797603302
7130,2270.6439599990845,6.4891886711120605,,34152.53493852795
7140,2273.083255290985,6.536735534667969,,34010.14805613103
7150,2275.523354291916,6.641208648681641,,34000.590134410224
7160,2277.963740825653,6.436187744140625,,34204.96091983774
7170,2280.4035284519196,6.464931964874268,,33935.544067160496
7180,2282.845150709152,6.485775470733643,,34013.95252661444
7190,2285.284790992737,6.397465705871582,,34202.577524275956
7200,2287.7263140678406,6.551032543182373,,34027.42652059982
7210,2295.656200170517,6.5774617195129395,,29705.252118763125
7220,2298.4552495479584,6.561588764190674,,29769.15591150973
7230,2301.241755247116,6.510354995727539,,29755.80170499617
7240,2304.0314507484436,6.367461204528809,,29643.28432836658
7250,2306.817699432373,6.456334114074707,,29750.391250062774
7260,2309.607940196991,6.43721866607666,,29667.036242238893
7270,2312.399154186249,6.528289318084717,,29732.653614543844
7280,2315.1880996227264,6.389639854431152,,29643.949273605554
7290,2318.002707004547,6.590876579284668,,28988.538951325714
7300,2320.7924931049347,6.455358982086182,,29726.402859847076
7310,2328.449083328247,6.453290939331055,,33967.851267921986
7320,2330.9026012420654,6.64336633682251,,34085.41891655953
7330,2333.3431940078735,6.500847339630127,,34218.99563893705
7340,2335.789230108261,6.439441680908203,,33914.1070019938
7350,2338.229285955429,6.583501815795898,,34072.878801371255
7360,2340.668392419815,6.547335624694824,,34232.42796838557
7370,2343.1094324588776,6.549903869628906,,33992.95439013049
7380,2345.549156188965,6.448916435241699,,34066.7304196605
7390,2347.988020658493,6.4274749755859375,,34231.4048312875
7400,2350.432396173477,6.363210678100586,,33992.550833892295
7410,2358.3414793014526,6.517851829528809,,29763.869512677895
7420,2361.143423318863,6.535269737243652,,29730.33821372607
7430,2363.933867931366,6.528604984283447,,29667.80471942729
7440,2366.7202322483063,6.559460639953613,,29745.47202077697
7450,2369.5065801143646,6.594550132751465,,29740.03957982786
7460,2372.2944490909576,6.569650650024414,,29772.019086816945
7470,2375.081046819687,6.486675262451172,,29817.956662966873
7480,2377.866704940796,6.53036642074585,,29727.0715393134
7490,2380.653930425644,6.370890140533447,,29743.46358865065
7500,2383.451013326645,6.350120544433594,,29728.64048230674
7510,2391.4194271564484,6.674582481384277,,29750.26245368803
7520,2394.221172094345,6.536581516265869,,29675.3122737197
7530,2397.008531808853,6.5018792152404785,,29727.174415747562
7540,2399.798027276993,6.418355464935303,,29733.528415379515
7550,2402.583300590515,6.5956525802612305,,29763.766382106955
7560,2405.371474981308,6.508090019226074,,29819.509335157
7570,2408.1588966846466,6.387945175170898,,29668.34267714795
7580,2410.946306705475,6.390761375427246,,29708.616747279426
7590,2413.7337086200714,6.5696587562561035,,29722.031466148113
7600,2416.520799636841,6.5644426345825195,,29748.021575271898
7610,2424.1793813705444,6.546462059020996,,34003.51751847644
7620,2426.6231405735016,6.5110273361206055,,34077.271861539695
7630,2429.0621268749237,6.428781986236572,,34203.56489070902
7640,2431.5021114349365,6.522727012634277,,34006.51272037348
7650,2433.941570520401,6.544855117797852,,34054.03529317318
7660,2436.3859643936157,6.484201431274414,,34242.628578262345
7670,2438.8251128196716,6.3678507804870605,,34035.44861360953
7680,2441.269098997116,6.346092224121094,,34060.01027755749
7690,2443.7166032791138,6.493681907653809,,34177.571909721184
7700,2446.1569969654083,6.529548645019531,,34026.21342401778
7710,2454.0926711559296,6.546832084655762,,29704.815543448378
7720,2456.8944034576416,6.589949607849121,,29743.66956920693
7730,2459.684253692627,6.491766929626465,,29639.47425590206
7740,2462.4733090400696,6.514793395996094,,29732.75652961746
7750,2465.26278090477,6.466841697692871,,29713.960624378433
7760,2468.0505816936493,6.523295879364014,,29749.695762887233
7770,2470.8372089862823,6.4843058586120605,,29710.851692779153
7780,2473.624021291733,6.416645526885986,,29724.962729319108
7790,2476.4081065654755,6.511198043823242,,29738.3150017786
7800,2479.1966836452484,6.4474196434021,,29661.88847183135
7810,2486.8673601150513,6.481616973876953,,33944.39475379259
7820,2489.3195407390594,6.524415016174316,,33913.97310550129
7830,2491.7620601654053,6.483697414398193,,34211.60213077375
7840,2494.2044529914856,6.4600510597229,,33963.4192290166
7850,2496.644617795944,6.423035621643066,,34018.06096368079
7860,2499.0834374427795,6.484415531158447,,34119.5707097739
7870,2501.5240569114685,6.542827606201172,,33989.38997483421
7880,2503.963744878769,6.398327827453613,,34001.19575872425
7890,2506.401773929596,6.290350437164307,,34142.04866570745
7900,2508.8411254882812,6.565937042236328,,33995.10685190645
7910,2516.7465925216675,6.312091827392578,,29683.900653206292
7920,2519.547251701355,6.514425277709961,,29762.709334959494
7930,2522.3369088172913,6.5043745040893555,,29803.60210673865
7940,2525.124487876892,6.558015823364258,,29737.748766038472
7950,2527.911012172699,6.435165882110596,,29745.85828882098
7960,2530.700169801712,6.4770708084106445,,29703.659964849827
7970,2533.485859632492,6.362798690795898,,29746.65660790301
7980,2536.272795677185,6.409204006195068,,29793.678392308386
7990,2539.0570850372314,6.321872234344482,,29701.888252277797
8000,2541.840599298477,6.463812828063965,,29792.77421570098
8010,2549.819568157196,6.432300090789795,,29733.528415379515
8020,2552.6191880702972,6.431897163391113,,29707.486558038116
8030,2555.4130856990814,6.413639068603516,,29681.541558361903
8040,2558.2021684646606,6.593701362609863,,29722.08288683551
8050,2560.9956455230713,6.533837795257568,,29729.28353957676
8060,2563.7898228168488,6.55838680267334,,29725.682777140464
8070,2566.5758612155914,6.401776313781738,,29729.566493588973
8080,2569.3621401786804,6.436057090759277,,29775.50206939582
8090,2572.148657798767,6.606505393981934,,29690.672312200317
8100,2574.933932542801,6.456856727600098,,29751.859607559938
8110,2582.6016929149628,6.483604907989502,,34045.19481312157
8120,2585.0563809871674,6.388955116271973,,34006.51272037348
8130,2587.4971997737885,6.448012351989746,,34164.69214056949
8140,2589.9376463890076,6.469880104064941,,34000.051819798355
8150,2592.377827644348,6.581058502197266,,34040.135535457586
8160,2594.8208067417145,6.439125061035156,,34178.931818679186
8170,2597.2673783302307,6.536435604095459,,33987.91062575425
8180,2599.710182905197,6.348141670227051,,33992.517204638294
8190,2602.1510047912598,6.462628364562988,,34156.371333082825
8200,2604.5925736427307,6.432740688323975,,33987.13738089327
8210,2612.5419704914093,6.4637370109558105,,29706.305088497105
8220,2615.3398790359497,6.484957695007324,,29705.329162797854
8230,2618.134698867798,6.528550148010254,,29751.988417764045
8240,2620.9287719726562,6.506160736083984,,29713.189754233037
8250,2623.7235295772552,6.4312639236450195,,29757.837576051512
8260,2626.511960506439,6.3961381912231445,,29743.386346677562
8270,2629.2986493110657,6.315682411193848,,29717.404332754435
8280,2632.087964296341,6.382026672363281,,29686.388365888386
8290,2634.8743119239807,6.56479549407959,,29749.180608165847
8300,2637.6608476638794,6.386379718780518,,29762.167949642997
8310,2645.3294982910156,6.4431352615356445,,33983.338906274104
8320,2647.7784531116486,6.437760353088379,,34048.804683629096
8330,2650.2185525894165,6.486390590667725,,34245.56365876169
8340,2652.657762527466,6.497735977172852,,33991.20571563113
8350,2655.096770763397,6.4546709060668945,,34040.641395558036
8360,2657.534267425537,6.507070064544678,,34181.82198457031
8370,2659.9742572307587,6.61840295791626,,34012.37003285446
8380,2662.41308426857,6.45224142074585,,34004.560731163
8390,2664.85191988945,6.360504150390625,,34135.77355768801
8400,2667.2916967868805,6.579057216644287,,33979.50767709332
8410,2675.203750371933,6.457298278808594,,29706.664656235247
8420,2678.014060497284,6.443970680236816,,29672.262672337485
8430,2680.8125348091125,6.544611930847168,,29724.757007777287
8440,2683.6006145477295,6.40285062789917,,29687.74780774704
8450,2686.3902418613434,6.4356184005737305,,29727.611648536666
8460,2689.177274942398,6.4071431159973145,,29718.406756058976
8470,2691.9655096530914,6.487691879272461,,29751.859607559938
8480,2694.7507762908936,6.551906108856201,,29700.989638286563
8490,2697.5382511615753,6.382493019104004,,29716.042173577254
8500,2700.3273441791534,6.442100524902344,,29636.04858416926
8510,2708.2978296279907,6.377725124359131,,29753.791877741813
8520,2711.100530385971,6.489522933959961,,29703.659964849827
8530,2713.889919757843,6.357078552246094,,29723.214186973935
8540,2716.6797676086426,6.314511299133301,,29681.23387798294
8550,2719.4675076007843,6.542347431182861,,29706.228039399957
8560,2722.2550156116486,6.545174598693848,,29798.30346802512
8570,2725.0410714149475,6.44061279296875,,29697.21605321339
8580,2727.827810525894,6.435662269592285,,29747.351952985668
8590,2730.616918563843,6.494910717010498,,29663.194453389322
8600,2733.406632900238,6.419025897979736,,29783.580564938842
8610,2741.0692274570465,6.403146266937256,,34037.74133497117
8620,2743.5211789608,6.510159492492676,,34009.77775490206
8630,2745.9613802433014,6.4448041915893555,,34178.557832927654
8640,2748.4020535945892,6.49074649810791,,34015.46781821188
8650,2750.842305660248,6.456491470336914,,34037.134408080216
8660,2753.2805194854736,6.587536811828613,,34162.68798370996
8670,2755.720253944397,6.457352638244629,,34020.755559604106
8680,2758.1602342128754,6.402064323425293,,34007.65709410473
8690,2760.598431825638,6.4279985427856445,,34184.95071499424
8700,2763.03813624382,6.55568265914917,,33999.782668884516
8710,2770.97127866745,6.471928596496582,,29700.142423467096
8720,2773.774779319763,6.4930853843688965,,29724.062718595935
8730,2776.5646262168884,6.415410995483398,,29735.072307142444
8740,2779.3511323928833,6.323729991912842,,29720.000491300605
8750,2782.1383373737335,6.412064552307129,,29719.38354125239
8760,2784.926085472107,6.3661723136901855,,29701.580149926696
8770,2787.712270259857,6.480707168579102,,29822.459857847505
8780,2790.5008165836334,6.450793266296387,,29773.437981352465
8790,2793.2853169441223,6.575728416442871,,29775.398858196615
8800,2796.075044631958,6.407130241394043,,29484.98568474166
8810,2803.7433836460114,6.479946136474609,,34084.64122864362
8820,2806.1959099769592,6.471917629241943,,34061.42837826317
8830,2808.63410282135,6.423804759979248,,34232.564391286374
8840,2811.0746619701385,6.47504997253418,,34000.287330343606
8850,2813.5136501789093,6.510902404785156,,34041.0123691873
8860,2815.9524931907654,6.530583381652832,,34202.645616682574
8870,2818.393269777298,6.496727466583252,,33985.893539070225
8880,2820.8323702812195,6.477051734924316,,34016.64647168657
8890,2823.2717130184174,6.51613712310791,,34149.92125182877
8900,2825.7126121520996,6.629896640777588,,33987.13738089327
8910,2833.686502456665,6.4773688316345215,,29718.818026209152
8920,2836.4861285686493,6.406352519989014,,29768.33059386366
8930,2839.2723548412323,6.399910926818848,,29717.969793996508
8940,2842.059792280197,6.519278526306152,,29708.693808768283
8950,2844.8471698760986,6.465002536773682,,29745.420519129064
8960,2847.6351261138916,6.438817977905273,,29773.33478446229
8970,2850.423100709915,6.520262718200684,,29731.187152152845
8980,2853.2093410491943,6.582216262817383,,29756.317089054857
8990,2856.0004172325134,6.451772689819336,,29774.340984657778
9000,2858.787144422531,6.544520378112793,,29739.344576552998
9010,2866.756833553314,6.7314043045043945,,29675.87613422995
9020,2869.558140516281,6.509152889251709,,29745.266015255387
9030,2872.343677997589,6.4103617668151855,,29784.845646403686
9040,2875.132554769516,6.493829727172852,,29672.262672337485
9050,2877.91837477684,6.58225154876709,,29765.4423424438
9060,2880.7064192295074,6.434504985809326,,29769.310663663142
9070,2883.492536306381,6.573063850402832,,29729.823729183125
9080,2886.280940055847,6.501360893249512,,29783.99364094758
9090,2889.07035112381,6.553351402282715,,29750.365490698612
9100,2891.8616836071014,6.482731819152832,,29752.68401214016
9110,2899.5296325683594,6.409881591796875,,34033.29104034105
9120,2901.978364467621,6.5301737785339355,,34032.81910765189
9130,2904.415714263916,6.41339111328125,,34160.20858962798
9140,2906.856323003769,6.608791351318359,,33976.98760265608
9150,2909.2957723140717,6.636122703552246,,34033.79669703252
9160,2911.7343163490295,6.488940238952637,,34154.2663019276
9170,2914.1748621463776,6.421086311340332,,33978.26439365246
9180,2916.61381149292,6.519033432006836,,34016.747502927974
9190,2919.0529770851135,6.384208679199219,,34130.41610220926
9200,2921.491539955139,6.473814010620117,,34008.26297020295
9210,2929.426243543625,6.443484306335449,,29737.49139328478
9220,2932.2321343421936,6.545554161071777,,29700.681554578012
9230,2935.0220761299133,6.470921993255615,,29654.873989991836
9240,2937.811785697937,6.399669647216797,,29667.4973237745
9250,2940.599619626999,6.431164264678955,,29698.47380835695
9260,2943.3898351192474,6.444591522216797,,29700.322131662633
9270,2946.178435087204,6.491310119628906,,29611.8868741468
9280,2948.9649641513824,6.5437726974487305,,29774.1345790732
9290,2951.7507584095,6.4383978843688965,,29724.602718489605
9300,2954.5381529331207,6.242834091186523,,29734.19741545896
9310,2962.1973106861115,6.559695720672607,,34008.83520634098
9320,2964.649026155472,6.404603481292725,,34016.848534769524
9330,2967.0877952575684,6.365421295166016,,34167.37604088979
9340,2969.5282032489777,6.582579612731934,,33989.658961230125
9350,2971.9694759845734,6.434462547302246,,33735.46361382615
9360,2974.4084746837616,6.3916730880737305,,34219.13195479773
9370,2976.8510489463806,6.5559587478637695,,34016.51176429823
9380,2979.2908697128296,6.540711402893066,,34041.214721847675
9390,2981.7296149730682,6.528727054595947,,34215.485879531894
9400,2984.1729431152344,6.564383506774902,,34010.95601407565
9410,2992.0676045417786,6.50739049911499,,29762.760896493062
9420,2994.871230840683,6.499078750610352,,29772.09647757718
9430,2997.6592054367065,6.427393436431885,,29753.740347279712
9440,3000.4422159194946,6.572335243225098,,29746.914139328474
9450,3003.225768327713,6.455267906188965,,29819.742249932307
9460,3006.0113468170166,6.569293022155762,,29725.759927190367
9470,3008.79736828804,6.357635498046875,,29742.021804634285
9480,3011.58504319191,6.411125659942627,,29811.695859387677
9490,3014.3685150146484,6.616305351257324,,29713.549488656707
9500,3017.154391527176,6.457230567932129,,29743.437841281713
9510,3025.1346464157104,6.4425764083862305,,29649.14198733603
9520,3027.933915376663,6.494294166564941,,29732.705071991597
9530,3030.720469713211,6.449776649475098,,29728.769091535196
9540,3033.5070667266846,6.343316555023193,,29741.918825410317
9550,3036.3050785064697,6.463156223297119,,29801.43072936001
9560,3039.0899636745453,6.531850814819336,,29788.89979461455
9570,3041.876973390579,6.573420524597168,,29734.53192678811
9580,3044.667409658432,6.569690704345703,,29778.418081426742
9590,3047.455088376999,6.386765003204346,,29703.197758584472
9600,3050.239872455597,6.392843723297119,,29794.91849518907
9610,3057.8864798545837,6.392827033996582,,34049.98564855509
9620,3060.328295469284,6.472194671630859,,34078.62380027156
9630,3062.7634160518646,6.494728088378906,,34256.21608299718
9640,3065.2019641399384,6.437868595123291,,34032.17864850811
9650,3067.641354084015,6.499802589416504,,34091.06667156143
9660,3070.0826830863953,6.464448928833008,,34171.04585280083
9670,3072.5212693214417,6.3944196701049805,,34033.52701159387
9680,3074.9604439735413,6.415079116821289,,34077.30565870069
9690,3077.399151802063,6.215960502624512,,34193.31948208071
9700,3079.8386137485504,6.314456939697266,,34034.06638674523
9710,3087.763580799103,6.504448413848877,,29734.53192678811
9720,3090.5658371448517,6.360999584197998,,29705.68870691086
9730,3093.3514235019684,6.61773157119751,,29709.258938568983
9740,3096.1442351341248,6.452690601348877,,29271.30288787966
9750,3098.9312148094177,6.42159366607666,,29740.06532131373
9760,3101.7332944869995,6.455552577972412,,29818.784734679353
9770,3104.5238707065582,6.45098352432251,,29771.064633854705
9780,3107.30939912796,6.44437313079834,,29784.277637350253
9790,3110.093421936035,6.578094482421875,,29842.896596528957
9800,3112.878924846649,6.521624565124512,,29769.284871525844
9810,3120.5270233154297,6.493285179138184,,34046.173113623525
9820,3122.985202550888,6.542519569396973,,34092.62266938537
9830,3125.420949459076,6.548175811767578,,34244.23257153621
9840,3127.8584945201874,6.52164363861084,,34019.61030417882
9850,3130.295884370804,6.5227508544921875,,34079.40121361679
9860,3132.73370885849,6.3902411460876465,,34242.8674613544
9870,3135.1737337112427,6.4772233963012695,,34030.83039225882
9880,3137.6132209300995,6.459685802459717,,34098.171295988475
9890,3140.0511169433594,6.506558418273926,,34246.51937494643
9900,3142.490690946579,6.445705413818359,,34052.68530460835
9910,3150.383776664734,6.472917556762695,,29759.87372571165
9920,3153.1861493587494,6.460196018218994,,29691.775564415915
9930,3155.9722530841827,6.400495529174805,,29738.366478824235
9940,3158.758953332901,6.4979448318481445,,29798.277625624632
9950,3161.5527498722076,6.455503463745117,,29827.92245375595
9960,3164.3356416225433,6.3310723304748535,,29870.838387623156
9970,3167.1183576583862,6.557379245758057,,29784.380910112202
9980,3169.902539730072,6.3932366371154785,,29728.43470985571
9990,3172.6865401268005,6.380069255828857,,29734.04302815323
